{
  "camera_intrinsics": {
    "cx": 643.87634277,
    "cy": 346.78930664,
    "fx": 924.07073975,
    "fy": 921.46142578,
    "height": 720,
    "width": 1280
  },
  "detections": [
    {
      "confidence": 0.9517843127250671,
      "detection_id": 0,
      "obb": {
        "center": [
          889.048828125,
          204.13209533691406
        ],
        "corners": [
          [
            895.1419677734375,
            165.48837280273438
          ],
          [
            927.01171875,
            194.68324279785156
          ],
          [
            882.9556884765625,
            242.77581787109375
          ],
          [
            851.0859375,
            213.58094787597656
          ]
        ],
        "height": 65.22137451171875,
        "rotation_rad": 0.7416213154792786,
        "width": 43.220645904541016
      },
      "pose": {
        "axes": {
          "x_axis": [
            -0.6754843153708822,
            0.7373743551873299,
            0.0
          ],
          "y_axis": [
            -0.7373743551873299,
            -0.6754843153708822,
            0.0
          ],
          "z_axis": [
            0.0,
            0.0,
            1.0
          ]
        },
        "position": {
          "x": 0.1533231927006672,
          "y": -0.0895666581612092,
          "z": 0.578000009059906
        },
        "rotation_euler": {
          "pitch_rad": 0.0,
          "roll_rad": 0.0,
          "yaw_rad": 2.312417642274175
        },
        "transform_matrix": [
          [
            -0.6754843153708822,
            -0.7373743551873299,
            0.0,
            0.1533231927006672
          ],
          [
            0.7373743551873299,
            -0.6754843153708822,
            0.0,
            -0.0895666581612092
          ],
          [
            0.0,
            0.0,
            1.0,
            0.578000009059906
          ],
          [
            0.0,
            0.0,
            0.0,
            1.0
          ]
        ]
      }
    }
  ],
  "metadata": {
    "detection_count": 1,
    "model_path": "C:\\Users\\NCKU_CSIE_RL_TIEN\\Desktop\\tt_yolov10_grasp\\best.pt",
    "pose_mode": "simple",
    "processing_time_ms": 602.1,
    "source_path": "C:\\Users\\NCKU_CSIE_RL_TIEN\\Desktop\\tt_yolov10_grasp\\tt_test_20251204_061551\\rgb_20251204_061558_208361.png",
    "source_type": "image",
    "timestamp": "2025-12-07T15:19:59.071552"
  }
}