{
  "camera_intrinsics": {
    "cx": 643.87634277,
    "cy": 346.78930664,
    "fx": 924.07073975,
    "fy": 921.46142578,
    "height": 720,
    "width": 1280
  },
  "detections": [
    {
      "confidence": 0.9517843127250671,
      "detection_id": 0,
      "obb": {
        "center": [
          889.048828125,
          204.13209533691406
        ],
        "corners": [
          [
            895.1419677734375,
            165.48837280273438
          ],
          [
            927.01171875,
            194.68324279785156
          ],
          [
            882.9556884765625,
            242.77581787109375
          ],
          [
            851.0859375,
            213.58094787597656
          ]
        ],
        "height": 65.22137451171875,
        "rotation_rad": 0.7416213154792786,
        "width": 43.220645904541016
      },
      "pose": {
        "axes": {
          "x_axis": [
            0.8087150252566774,
            0.5813038948058126,
            0.08980974227601751
          ],
          "y_axis": [
            0.5707393941193222,
            -0.7385800470500449,
            -0.3588259440172391
          ],
          "z_axis": [
            -0.1422552351388201,
            0.34144589027127925,
            -0.9290738141248265
          ]
        },
        "position": {
          "x": 0.15361905097961426,
          "y": -0.08962017297744751,
          "z": 0.5790833234786987
        },
        "rotation_euler": {
          "pitch_rad": -0.0899309136816675,
          "roll_rad": -2.7730226213626192,
          "yaw_rad": 0.6232319182065258
        },
        "transform_matrix": [
          [
            0.8087150252566774,
            0.5707393941193222,
            -0.1422552351388201,
            0.15361905097961426
          ],
          [
            0.5813038948058126,
            -0.7385800470500449,
            0.34144589027127925,
            -0.08962017297744751
          ],
          [
            0.08980974227601751,
            -0.3588259440172391,
            -0.9290738141248265,
            0.5790833234786987
          ],
          [
            0.0,
            0.0,
            0.0,
            1.0
          ]
        ]
      }
    }
  ],
  "metadata": {
    "detection_count": 1,
    "model_path": "C:\\Users\\NCKU_CSIE_RL_TIEN\\Desktop\\tt_yolov10_grasp\\best.pt",
    "pose_mode": "full",
    "processing_time_ms": 34.875,
    "source_path": "C:\\Users\\NCKU_CSIE_RL_TIEN\\Desktop\\tt_yolov10_grasp\\tt_test_20251204_061551\\rgb_20251204_061558_208361.png",
    "source_type": "image",
    "timestamp": "2025-12-07T15:29:00.436546"
  }
}