{
  "timestamp": "2025-12-04T06:16:06.977034",
  "iteration": 1,
  "action": "pick",
  "target_pose": [
    0.3034333466954138,
    -0.5363368170885409,
    0.11991622811447145,
    2.7731821537017822,
    -0.08985745906829834,
    0.16189799507393188
  ],
  "gripper_feedback": {
    "success": true,
    "status_code": 2,
    "duration_ms": 5790.999174118042
  }
}