{
  "task_id": "20251204_061558_208361",
  "timestamp": "2025-12-04T06:16:11.577780",
  "iteration": 1,
  "timing": {
    "move_to_photo_ms": 2793.653726577759,
    "detection_ms": 181.46467208862305,
    "pick_ms": 5790.999174118042,
    "place_ms": 4600.650310516357,
    "total_ms": 13369.065046310425
  },
  "summary": {
    "total_ms": 13369.065046310425,
    "move_to_photo_ms": 2793.653726577759,
    "detection_ms": 181.46467208862305,
    "pick_ms": 5790.999174118042,
    "place_ms": 4600.650310516357
  }
}