{
  "task_id": "20251204_061558_208361",
  "rgb_file": "rgb_20251204_061558_208361.png",
  "depth_file": "depth_20251204_061558_208361.npz",
  "detection_file": "detection_20251204_061558_208361.jpg",
  "timestamp": "2025-12-04T06:16:01.184125",
  "iteration": 1,
  "detection_count": 1,
  "poses": [
    {
      "object_id": 0,
      "confidence": 0.951787531375885,
      "center": [
        889.04931640625,
        204.13131713867188
      ],
      "width": 43.22035217285156,
      "height": 65.21830749511719,
      "rotation": 0.7416701912879944,
      "corners": [
        [
          895.1433715820312,
          165.48912048339844
        ],
        [
          927.0115356445312,
          194.6853485107422
        ],
        [
          882.9552612304688,
          242.7735137939453
        ],
        [
          851.0870971679688,
          213.57728576660156
        ]
      ],
      "box_data": {
        "center": [
          889.04931640625,
          204.13131713867188
        ],
        "width": 43.22035217285156,
        "height": 65.21830749511719,
        "rotation": 0.7416701912879944,
        "corners": [
          [
            895.1433715820312,
            165.48912048339844
          ],
          [
            927.0115356445312,
            194.6853485107422
          ],
          [
            882.9552612304688,
            242.7735137939453
          ],
          [
            851.0870971679688,
            213.57728576660156
          ]
        ],
        "confidence": 0.951787531375885
      },
      "pose_matrix": [
        [
          0.8085644148006876,
          0.5709388101884727,
          -0.14231114551781343,
          0.15361908078193665
        ],
        [
          0.581524662043047,
          -0.7384967590171063,
          0.34125006132885877,
          -0.08962175250053406
        ],
        [
          0.08973658425492496,
          -0.35868009694127284,
          -0.929137198428982,
          0.5790846943855286
        ],
        [
          0.0,
          0.0,
          0.0,
          1.0
        ]
      ],
      "position": [
        0.15361908078193665,
        -0.08962175250053406,
        0.5790846943855286
      ],
      "rotation_euler": [
        -158.89163322811208,
        -5.148453162383041,
        35.723928170633926
      ]
    }
  ]
}